                  epoch,         train/box_loss,         train/cls_loss,         train/dfl_loss,   metrics/precision(B),      metrics/recall(B),       metrics/mAP50(B),    metrics/mAP50-95(B),           val/box_loss,           val/cls_loss,           val/dfl_loss,                 lr/pg0,                 lr/pg1,                 lr/pg2
                      1,                 1.3961,                 2.2072,                 1.1375,                0.62206,                0.74086,                0.65178,                0.39043,                 1.3027,                 1.5288,                 1.1979,             0.00020807,             0.00020807,             0.00020807
                      2,                 1.3181,                  1.296,                 1.1159,                0.77302,                0.83065,                0.82719,                0.52976,                  1.222,                 1.1626,                   1.18,             0.00033395,             0.00033395,             0.00033395
                      3,                 1.2824,                  1.097,                  1.107,                0.84207,                0.83239,                0.88218,                0.58049,                 1.1774,                 1.0135,                 1.1585,             0.00037734,             0.00037734,             0.00037734
                      4,                 1.2565,                0.98335,                 1.0993,                0.90585,                0.88273,                0.91839,                0.60757,                 1.1653,                0.86461,                  1.171,             0.00025375,             0.00025375,             0.00025375
                      5,                 1.2297,                0.85396,                 1.1318,                0.92369,                0.89419,                0.92823,                0.62286,                 1.1373,                0.77713,                 1.1593,             0.00025375,             0.00025375,             0.00025375
